22e05688a1d23ebdae8ec8c71ec442f36771964d,DELETE,regular-file,inc/downloads/advent.rk05,3325952,
d4539b65997cfd2ee86b97dc7882c47676758fb4,DELETE,regular-file,inc/downloads/en.flasher-stm32.zip,34997919,
4c0ac5eca8ec2508fb076683306caaffa2517d49,DELETE,regular-file,inc/downloads/newkey2.stl,1335015,
d6085a0ededaa8261d696317dbe7962477cc0777,DELETE,regular-file,inc/downloads/nutsmanager-0.0.4.zip,601348,
6c190af6332e1f10b5abcf08190495480d5fc203,DELETE,regular-file,inc/downloads/pdp/DEC-T8-MRFB-D_UserGde_Feb70.pdf,4173869,
4512c3e69290487813342656efaea85628a84319,DELETE,regular-file,inc/downloads/pdp/TSS8MgrsGuide.pdf,3539148,
22e05688a1d23ebdae8ec8c71ec442f36771964d,DELETE,regular-file,inc/downloads/pdp/advent.rk05,3325952,
779a71502b59bcb59e705874fd21b9876eb93244,DELETE,regular-file,inc/downloads/pdp/dec-08-asac-d.pdf,790118,
d39969b805b4a6c497aa8163739e1ea1aca7b52e,DELETE,regular-file,inc/downloads/pdp/tss8_rf.dsk,524288,
9a578c159e8de43ab4debca5ac290c4c775512f7,DELETE,regular-file,inc/downloads/pijpen.html,321259,
303d4115ce3d3ec5dec3461706f72c56fd599983,DELETE,regular-file,inc/downloads/securitynow/sn-full.txt,461930,
a1244a31f4c7f9de24708c2704350d2f337db0af,DELETE,regular-file,inc/downloads/securitynow/sn-leo.txt,367236,
303d4115ce3d3ec5dec3461706f72c56fd599983,DELETE,regular-file,inc/downloads/securitynow/sn-steve.txt,461930,
fc17848ac7a463e223c2b4cf06f99f898e4b856e,DELETE,regular-file,inc/img/9to5mac-pimachine.png,1003983,
bf08f677bc12905ca1517407fb38de1ac85d28f4,DELETE,regular-file,inc/img/CameraZOOM-20140827153511862.jpg,2468409,
ad0c2d37f6e615b417e2bfcddda2c43d4fcad851,DELETE,regular-file,inc/img/Crypto101.pdf,15093373,
38b045d94fe4b171e4a4211cd1a3524a9b69afda,DELETE,regular-file,inc/img/Fallout_manual_English.pdf,5100660,
8206bddd197db55c84534b32039f7a00ffeae145,DELETE,regular-file,inc/img/Grafana   Glance Image Usage.png,643332,
f569a10e76121703e42c06939c23aac62d13edaa,DELETE,regular-file,inc/img/Grafana   XEN Image Usage.png,311356,
ebcb67cf4af6be72e06782401158c3013a039719,DELETE,regular-file,inc/img/Pi_FM_1.png,670175,
a0b4fc3f1c881b04dd60d24ed79e6187f319d5b9,DELETE,regular-file,inc/img/Pi_FM_2.png,560644,
49a4552cecab13ae27b794e9d94eea416672c17c,DELETE,regular-file,inc/img/Pi_FM_3.png,566595,
8c7cf33f2ab446a046ad3f78ebb95f0f6d7995aa,DELETE,regular-file,inc/img/Pi_FM_4.png,623446,
43bf4dab5971ffa1671de5831e9a501f2f398856,DELETE,regular-file,inc/img/RK05,2742486,
43bf4dab5971ffa1671de5831e9a501f2f398856,DELETE,regular-file,inc/img/RK05.jpg,2742486,
e4deeefc9b3422e2566fa9a1b6e36342542862b9,DELETE,regular-file,inc/img/chromebase-dev.png,714966,
0ab5695548a70ac49d171d1404473ccfe7c79288,DELETE,regular-file,inc/img/comics/megaman.png,494309,
5e9013e36507fc212c91d5eede57b2175a611d2b,DELETE,regular-file,inc/img/comics/wumo-airco.png,474114,
ad40fbf3dd80d7d6499919bbded9fb01e437ca5e,DELETE,regular-file,inc/img/comics/wumo565d9107ebeb82.99057631.png,407034,
361502a0d7a282092a1b056fadd294418badf28b,DELETE,regular-file,inc/img/dwergsein_op_station_utrecht_centraal_300dpi_271x203mm_c.jpg,3656341,
a8ff96d9bd2e167d920b08e8b8153b2870fa466f,DELETE,regular-file,inc/img/freebsd-11-install-1.png,2210049,
9c0a2ee3d4f9d19898b3c4661659cbe9507434d6,DELETE,regular-file,inc/img/gpg_tbird_nitrokey_3.png,353516,
1fd657eb7b4e4074f5d33305496a88f20a462d6d,DELETE,regular-file,inc/img/layouts/raymiiorg-bootstrap-old.png,320971,
d9b4020fdb967e216a5a5f76e7a0e78d42d2f3d6,DELETE,regular-file,inc/img/linuxvoice/1/ada1.png,293979,
a126ccf7ed36756435aa86bc764475dfa295d196,DELETE,regular-file,inc/img/linuxvoice/1/arch-1.png,510142,
07db2ea4842bad4398c6960773c3a66d221f9735,DELETE,regular-file,inc/img/linuxvoice/1/arch.pdf,1499792,
4f7466d40a8b6f7c37d9a3b1b1bb3d39eca9c66b,DELETE,regular-file,inc/img/linuxvoice/1/cli-reference.pdf,2571137,
5b55156ae205fb7dcf078968ba9ec3f69136b1a9,DELETE,regular-file,inc/img/linuxvoice/2/arcade1.png,429121,
87ebba0ce6350e96e759551e1d1ca264bdd4dea7,DELETE,regular-file,inc/img/linuxvoice/2/arcade11.png,1013681,
4d107e07308fbb151adb2e1f9ca72483207cdc2e,DELETE,regular-file,inc/img/linuxvoice/2/arcade6.png,753321,
0e209599cfdd1759a2eb882307a4bc46f72033a0,DELETE,regular-file,inc/img/linuxvoice/2/arcade7.png,526085,
08999e4a771fe35af97305adc8aa9802275f2be0,DELETE,regular-file,inc/img/linuxvoice/2/bugs1.png,847284,
3ce8dc2a40bb15a859df580f348723cc87f21f23,DELETE,regular-file,inc/img/linuxvoice/2/bugs2.png,435942,
fc7c6f7f24f49634854e30dd6088e25f9a95a2cd,DELETE,regular-file,inc/img/linuxvoice/2/cgrous1.png,575672,
2b5924957448a1c1a620abce0af07e0d3ce6b796,DELETE,regular-file,inc/img/linuxvoice/2/kde1.png,560734,
24228df89873dc13456630f1d9e3f80d98afdb38,DELETE,regular-file,inc/img/linuxvoice/2/kde2.png,517317,
f16e774bca3e1d9bcffca90e4bd7b097917640f5,DELETE,regular-file,inc/img/linuxvoice/2/kde7.png,641817,
669e83318e040d1c9e3e1f5dfe4895dc218972d2,DELETE,regular-file,inc/img/linuxvoice/2/kde8.png,575842,
a37777c65870296feef139d250f4bf3ddba29d51,DELETE,regular-file,inc/img/metro/cab/type-t-mid-cab-1.jpg,2673389,
56e0bab3ea2f3ad6609bbd08f1cfef90caecb6ec,DELETE,regular-file,inc/img/metro/mg2/MG2_03.jpg,334414,
e222009925fc0e13538af705d41b3b2c283b2bb9,DELETE,regular-file,inc/img/metro/mg2/MG2_20.jpg,331309,
44ecd10b24eb49e64dc71013ba1a7485ef9fe5f6,DELETE,regular-file,inc/img/metro/mg2/MG2_27.jpg,273622,
aee8f381084b8fd1020c628c01a6f9978c85ec9c,DELETE,regular-file,inc/img/metro/mg2/MG2_31.jpg,271471,
69e5965b938e016b6ae9669d7ddb5fccced17e4c,DELETE,regular-file,inc/img/metro/mg2/MG2_35.jpg,282647,
67f624df1fc789c90b9ec87a688e8067d93e66ce,DELETE,regular-file,inc/img/metro/mg2/MG2_40.jpg,282099,
8a9238d516008ff39c2edfdcbb3b7b7a42a0b682,DELETE,regular-file,inc/img/metro/mg2/MG2_41.jpg,293528,
b01057f1c3957202ec2ab6e47f2d61201e9bc6b6,DELETE,regular-file,inc/img/metro/mg2/MG2_45.jpg,284727,
f36e38563a5c2f8306805cb738e6e5bf750454ad,DELETE,regular-file,inc/img/metro/sg2/SG2_12b2.jpg,298379,
0f5d7d72d80b73a04db980ec2f3d473d4c07a9c6,DELETE,regular-file,inc/img/metro/sg2/SG2_12c.jpg,316860,
3678dcf9cc4abcd06f78340f701cd29a196df003,DELETE,regular-file,inc/img/metro/sg2/SG2_12d.jpg,282125,
b9e4f96b604e44ea45f2f83fe34179ad691cb652,DELETE,regular-file,inc/img/metro/sg2/SG2_16.jpg,286746,
8571a2aefc9efe9c24f01c01f1a98c15685ac52b,DELETE,regular-file,inc/img/metro/sg2/SG2_19.jpg,320464,
60c34cbbb23c11f45a69838b59bcff03fdd6bb3a,DELETE,regular-file,inc/img/metro/sg2/SG2_22.jpg,303256,
37826abea7b094f5f19acd354001a59d2302c16d,DELETE,regular-file,inc/img/metro/sg2/SG2_26b.jpg,321159,
2184972d6857a29ebf862ebf16754a969e10391a,DELETE,regular-file,inc/img/metro/sg2/SG2_27.jpg,301440,
c89ead99c524ed671af6d3c40a677e07fc76350b,DELETE,regular-file,inc/img/metro/sg2/SG2_36.jpg,302609,
572d8eac60f1b50e25b22cf1af03547eedfe25ff,DELETE,regular-file,inc/img/metro/sg2/SG2_37.jpg,299592,
73e3e5835f35936365fe6a1709a984f044d522b2,DELETE,regular-file,inc/img/metro/sg2/SG2_40.jpg,275459,
a8c88ca206bc3d9a3054d74473f6c97f0fcb902e,DELETE,regular-file,inc/img/metro/sg2/SG2_41.jpg,329372,
ec421911e03d8d9d750b83d660efe3a771179808,DELETE,regular-file,inc/img/metro/sg2/SG2_43.jpg,272066,
cc44c2073d67060d08d15878b50145818559d218,DELETE,regular-file,inc/img/metro/sg2/SG2_47.jpg,315632,
247d11476d0c6eb0adf0c22a3d945837124f81d0,DELETE,regular-file,inc/img/metro/sg2/SG2_52.jpg,286946,
2c6ef0a19097bf0c9dc830872ced0b26dbaac299,DELETE,regular-file,inc/img/metro/sg2/SG2_60a.jpg,299956,
db35a3c4bd7223468a9f7f938927394137f50b00,DELETE,regular-file,inc/img/nitrokey-dfu-1.png,299913,
2e125787ef92784cd10b30f9e9c43532e0c551fc,DELETE,regular-file,inc/img/nitrokey-dfu-2.png,399443,
5c45e0b22551ffd1afa408f986929ff639d3d725,DELETE,regular-file,inc/img/omnikey.png,436077,
c15a0048276727e0eed04cb8fbf1ec82a2e7dbd0,DELETE,regular-file,inc/img/openstack-images.png,5803292,
ea805f2e9f4221efd4e3ff72283ac6da4b17ae2f,DELETE,regular-file,inc/img/pdp-8-i.jpg,273269,
a171cad4ac0e157b0539edc4f80a68d44b419c68,DELETE,regular-file,inc/img/pidp-8-i.jpg,601095,
4a78c34f80f001e553c41ac86919a336f078a9eb,DELETE,regular-file,inc/img/pidp8/sim1.png,696239,
ba62004e953ae1f4fe3e4cad1025d72d35eec900,DELETE,regular-file,inc/img/raymiiorg/2010-links.png,514249,
a2560bfa8ffff7d34cc474b5368c9d5bc64a08cf,DELETE,regular-file,inc/img/raymiiorg/2012-page.png,543730,
788015d53eaf2b771fbb564a3a50916362414028,DELETE,regular-file,inc/img/raymiiorg/2012-text-only.png,325132,
16a71a2dcb7fc557e54f3358e9a8ae0978dd44a5,DELETE,regular-file,inc/img/raymiiorg/2014-dark-frontpage.png,380435,
a6463f0950071fe3e095e2c55d7ad01053ba4078,DELETE,regular-file,inc/img/raymiiorg/2014-light-frontpage.png,394038,
df51e219342b7f14999bd1c961554efad4bc5c5d,DELETE,regular-file,inc/img/small-pcs/apc.jpg,278102,
b8f62b35e5ce0e8af8ae8585ea86b8c4dde6569a,DELETE,regular-file,inc/img/small-pcs/gooseberry.jpg,408955,
e0be96bc46eecdf7d4bd50daaaeb413674ebf463,DELETE,regular-file,inc/img/small-pcs/rascal-micro.jpg,327836,
2fa5d9db9124d7948eb54c1b06919425517154da,DELETE,regular-file,inc/img/smalldistros/smalldistro10.png,824960,
7d9e25a60f8743551a3b8cd787121db81caa7d6c,DELETE,regular-file,inc/img/smalldistros/smalldistro11.png,391458,
ad60b02127890035c746632e1ef70553d858b3d3,DELETE,regular-file,inc/img/smalldistros/smalldistro12.png,330740,
3b0184d80c950470c57297213ca874bbf427edb3,DELETE,regular-file,inc/img/smalldistros/smalldistro3.png,595167,
6f27c1b4a896dcc22bc0dc1dcb24bff0252acc67,DELETE,regular-file,inc/img/smalldistros/smalldistro7.png,375550,
046cb91564fbda86de49b16226a5d050c7b2d856,DELETE,regular-file,inc/img/xen-images.png,3619766,
60c34cbbb23c11f45a69838b59bcff03fdd6bb3a,DELETE,regular-file,inc/js/SG2_22.jpg,303256,
bae739378aa741642973fe50f25599e006c1dbbc,DELETE,regular-file,inc/software/olimex/linux-firmware.zip,1741175,
aedd53bee6f8dd610a3c74a1f12c4bcfc3032ceb,DELETE,regular-file,inc/software/openswan-2.6.32-16.el6.i686.rpm,903800,
7808bfd32ffa832de7f079081e9be7aa4c98120a,DELETE,regular-file,inc/software/openswan-2.6.32-16.el6.x86_64.rpm,913660,
a8e7d464fbb7e5159442b2644a4f60f6352bf238,DELETE,regular-file,inc/software/packages/gource-0.38-2.x86_64.rpm,799361,
ea80fcf775a070e8d7c2b9375316f27cdac45bf6,DELETE,regular-file,inc/software/packages/gource_0.38-1_amd64.deb,793898,
d9901f182cbd7090efe679847851027e1e05882c,DELETE,regular-file,inc/software/packages/logstalgia-1.0.3-2.x86_64.rpm,753400,
e5aa2be4d510c14c1e67f2c07dbcf812a95a0798,DELETE,regular-file,inc/software/packages/logstalgia_1.0.3-1_amd64.deb,747480,
7c3e67f611c7177875a9cc7971dbdd1a9409026e,DELETE,regular-file,inc/software/raymon-0.0.2.zip,270606,
a386c8f75ca5f235ddb60ac7c63240086eeec8db,DELETE,executable,inc/software/ziskikker.exe,520813,
97017f77bee121dd7c8d4c6d0fc552801401a6cb,DELETE,regular-file,inc/spn/inc/img/terriblelinux-2013-04.png,296541,