d33a4be509ce2dd850d2313b6abb5ff1b1c7802c,DELETE,regular-file,inc/css/raleway.svg,236879,
22e05688a1d23ebdae8ec8c71ec442f36771964d,DELETE,regular-file,inc/downloads/advent.rk05,3325952,
c77214e2b9e11caa72025a95de2b062d25f1a950,DELETE,regular-file,inc/downloads/brochure-vergunningsvrije-radiotoepassingen.pdf,231896,
d4539b65997cfd2ee86b97dc7882c47676758fb4,DELETE,regular-file,inc/downloads/en.flasher-stm32.zip,34997919,
4c0ac5eca8ec2508fb076683306caaffa2517d49,DELETE,regular-file,inc/downloads/newkey2.stl,1335015,
d6085a0ededaa8261d696317dbe7962477cc0777,DELETE,regular-file,inc/downloads/nutsmanager-0.0.4.zip,601348,
6c190af6332e1f10b5abcf08190495480d5fc203,DELETE,regular-file,inc/downloads/pdp/DEC-T8-MRFB-D_UserGde_Feb70.pdf,4173869,
4512c3e69290487813342656efaea85628a84319,DELETE,regular-file,inc/downloads/pdp/TSS8MgrsGuide.pdf,3539148,
22e05688a1d23ebdae8ec8c71ec442f36771964d,DELETE,regular-file,inc/downloads/pdp/advent.rk05,3325952,
779a71502b59bcb59e705874fd21b9876eb93244,DELETE,regular-file,inc/downloads/pdp/dec-08-asac-d.pdf,790118,
d39969b805b4a6c497aa8163739e1ea1aca7b52e,DELETE,regular-file,inc/downloads/pdp/tss8_rf.dsk,524288,
9a578c159e8de43ab4debca5ac290c4c775512f7,DELETE,regular-file,inc/downloads/pijpen.html,321259,
29d1df5a6f45cc0b2f370714f7311280987025fc,DELETE,regular-file,inc/downloads/pijpen.markdown,157286,
303d4115ce3d3ec5dec3461706f72c56fd599983,DELETE,regular-file,inc/downloads/securitynow/sn-full.txt,461930,
a1244a31f4c7f9de24708c2704350d2f337db0af,DELETE,regular-file,inc/downloads/securitynow/sn-leo.txt,367236,
303d4115ce3d3ec5dec3461706f72c56fd599983,DELETE,regular-file,inc/downloads/securitynow/sn-steve.txt,461930,
f8d5b6f4c1683506ff9135b05953b0ca9c36634f,DELETE,regular-file,inc/hsm/benchmarks/1024-c10-d30s-r5-wp.html,190510,
d472cb9f9937c6afb095c5972a23d376577f5a65,DELETE,regular-file,inc/hsm/benchmarks/1024-c5-d30s-r5.html,190400,
bbc3c6fe9f10450dfb194008891b3b7d87a33502,DELETE,regular-file,inc/img/13920293_534969830032289_8618369955362633502_o.png,242438,
fc17848ac7a463e223c2b4cf06f99f898e4b856e,DELETE,regular-file,inc/img/9to5mac-pimachine.png,1003983,
bf08f677bc12905ca1517407fb38de1ac85d28f4,DELETE,regular-file,inc/img/CameraZOOM-20140827153511862.jpg,2468409,
ad0c2d37f6e615b417e2bfcddda2c43d4fcad851,DELETE,regular-file,inc/img/Crypto101.pdf,15093373,
38b045d94fe4b171e4a4211cd1a3524a9b69afda,DELETE,regular-file,inc/img/Fallout_manual_English.pdf,5100660,
8206bddd197db55c84534b32039f7a00ffeae145,DELETE,regular-file,inc/img/Grafana   Glance Image Usage.png,643332,
f569a10e76121703e42c06939c23aac62d13edaa,DELETE,regular-file,inc/img/Grafana   XEN Image Usage.png,311356,
ce87d42db3b92c05ea136105ba4d813e5c2fa474,DELETE,regular-file,inc/img/Lasercutter.jpg,193764,
ebcb67cf4af6be72e06782401158c3013a039719,DELETE,regular-file,inc/img/Pi_FM_1.png,670175,
a0b4fc3f1c881b04dd60d24ed79e6187f319d5b9,DELETE,regular-file,inc/img/Pi_FM_2.png,560644,
49a4552cecab13ae27b794e9d94eea416672c17c,DELETE,regular-file,inc/img/Pi_FM_3.png,566595,
8c7cf33f2ab446a046ad3f78ebb95f0f6d7995aa,DELETE,regular-file,inc/img/Pi_FM_4.png,623446,
43bf4dab5971ffa1671de5831e9a501f2f398856,DELETE,regular-file,inc/img/RK05,2742486,
43bf4dab5971ffa1671de5831e9a501f2f398856,DELETE,regular-file,inc/img/RK05.jpg,2742486,
a133d7acb91445f287ebc4a07561d1a3cc7a90d6,DELETE,regular-file,inc/img/SmallPi.png,229018,
e4deeefc9b3422e2566fa9a1b6e36342542862b9,DELETE,regular-file,inc/img/chromebase-dev.png,714966,
0ab5695548a70ac49d171d1404473ccfe7c79288,DELETE,regular-file,inc/img/comics/megaman.png,494309,
b076caaccaa13023827b1a7f835ac69d7e243ef7,DELETE,regular-file,inc/img/comics/smbc-boobs.png,210576,
5e9013e36507fc212c91d5eede57b2175a611d2b,DELETE,regular-file,inc/img/comics/wumo-airco.png,474114,
ad40fbf3dd80d7d6499919bbded9fb01e437ca5e,DELETE,regular-file,inc/img/comics/wumo565d9107ebeb82.99057631.png,407034,
361502a0d7a282092a1b056fadd294418badf28b,DELETE,regular-file,inc/img/dwergsein_op_station_utrecht_centraal_300dpi_271x203mm_c.jpg,3656341,
a8ff96d9bd2e167d920b08e8b8153b2870fa466f,DELETE,regular-file,inc/img/freebsd-11-install-1.png,2210049,
9c0a2ee3d4f9d19898b3c4661659cbe9507434d6,DELETE,regular-file,inc/img/gpg_tbird_nitrokey_3.png,353516,
1fd657eb7b4e4074f5d33305496a88f20a462d6d,DELETE,regular-file,inc/img/layouts/raymiiorg-bootstrap-old.png,320971,
d9b4020fdb967e216a5a5f76e7a0e78d42d2f3d6,DELETE,regular-file,inc/img/linuxvoice/1/ada1.png,293979,
a126ccf7ed36756435aa86bc764475dfa295d196,DELETE,regular-file,inc/img/linuxvoice/1/arch-1.png,510142,
07db2ea4842bad4398c6960773c3a66d221f9735,DELETE,regular-file,inc/img/linuxvoice/1/arch.pdf,1499792,
656a921a6352f3fb8e4e1ece594b1fd42a64afe4,DELETE,regular-file,inc/img/linuxvoice/1/arch2.png,180594,
6a478774aa513a053feea7d69b10b90423b907ce,DELETE,regular-file,inc/img/linuxvoice/1/arch3.png,197274,
4f7466d40a8b6f7c37d9a3b1b1bb3d39eca9c66b,DELETE,regular-file,inc/img/linuxvoice/1/cli-reference.pdf,2571137,
979004e24e48fec35d6671a13e84d104524d18f0,DELETE,regular-file,inc/img/linuxvoice/1/egrep.png,159852,
fa80d04a02d3a599a25665c561dff7d371c8f934,DELETE,regular-file,inc/img/linuxvoice/1/gvim.png,159254,
d6814aa054b7d8fd009c2f4b06faf4c646253019,DELETE,regular-file,inc/img/linuxvoice/1/tornado1.png,176503,
598462c0286204641ace223f7f11c855e1e7e088,DELETE,regular-file,inc/img/linuxvoice/1/twitter.png,219435,
5b55156ae205fb7dcf078968ba9ec3f69136b1a9,DELETE,regular-file,inc/img/linuxvoice/2/arcade1.png,429121,
34d3b75be794439d7e8a07f39fbb436e865c9076,DELETE,regular-file,inc/img/linuxvoice/2/arcade10.png,155452,
87ebba0ce6350e96e759551e1d1ca264bdd4dea7,DELETE,regular-file,inc/img/linuxvoice/2/arcade11.png,1013681,
4d107e07308fbb151adb2e1f9ca72483207cdc2e,DELETE,regular-file,inc/img/linuxvoice/2/arcade6.png,753321,
0e209599cfdd1759a2eb882307a4bc46f72033a0,DELETE,regular-file,inc/img/linuxvoice/2/arcade7.png,526085,
479f0f66a621a017fb8351864f5e0cd6e67b9a53,DELETE,regular-file,inc/img/linuxvoice/2/arcade8.png,158273,
2e045f8b780a451cdeb5d3324fea1092b65a83e0,DELETE,regular-file,inc/img/linuxvoice/2/arcade9.png,223678,
08999e4a771fe35af97305adc8aa9802275f2be0,DELETE,regular-file,inc/img/linuxvoice/2/bugs1.png,847284,
3ce8dc2a40bb15a859df580f348723cc87f21f23,DELETE,regular-file,inc/img/linuxvoice/2/bugs2.png,435942,
fc7c6f7f24f49634854e30dd6088e25f9a95a2cd,DELETE,regular-file,inc/img/linuxvoice/2/cgrous1.png,575672,
0b8352bd2672d8a7daeb80102c5ccb4bb0541d92,DELETE,regular-file,inc/img/linuxvoice/2/cgrous2.png,175621,
2b5924957448a1c1a620abce0af07e0d3ce6b796,DELETE,regular-file,inc/img/linuxvoice/2/kde1.png,560734,
24228df89873dc13456630f1d9e3f80d98afdb38,DELETE,regular-file,inc/img/linuxvoice/2/kde2.png,517317,
0906374c3f1d8fe5b2602d9379aead9b0e413f2a,DELETE,regular-file,inc/img/linuxvoice/2/kde5.png,198982,
c69a4bd1fd61f9e40bbf7b6227c7a93427d02232,DELETE,regular-file,inc/img/linuxvoice/2/kde6.png,157223,
f16e774bca3e1d9bcffca90e4bd7b097917640f5,DELETE,regular-file,inc/img/linuxvoice/2/kde7.png,641817,
669e83318e040d1c9e3e1f5dfe4895dc218972d2,DELETE,regular-file,inc/img/linuxvoice/2/kde8.png,575842,
b3bc60a862a4be8acd799e89c6496d7b57799c9f,DELETE,regular-file,inc/img/metro.jpg,228882,
b6cf773384f69dad71078b187469d85c5ad25285,DELETE,regular-file,inc/img/metro/atb/atbspoel.jpg,195700,
a37777c65870296feef139d250f4bf3ddba29d51,DELETE,regular-file,inc/img/metro/cab/type-t-mid-cab-1.jpg,2673389,
0852c2b296e3d8392fd7dddde86cb39af94d3d40,DELETE,regular-file,inc/img/metro/mg2/MG2_00.jpg,201828,
237e53a9cefe8c69eb3fc58fb322fe7b4904736a,DELETE,regular-file,inc/img/metro/mg2/MG2_01.jpg,261126,
df454dbe47f2fcb7307822e107827ee8aaabcc4e,DELETE,regular-file,inc/img/metro/mg2/MG2_02.jpg,192051,
56e0bab3ea2f3ad6609bbd08f1cfef90caecb6ec,DELETE,regular-file,inc/img/metro/mg2/MG2_03.jpg,334414,
2a8c026cac129659a983490126da912459f9f007,DELETE,regular-file,inc/img/metro/mg2/MG2_05.jpg,247907,
89a71b0f5ed02fc051a0ba9376161e0d3a37645a,DELETE,regular-file,inc/img/metro/mg2/MG2_06.jpg,207082,
c2ee8e8d062bd8f9b311e04f071ef97d945257a5,DELETE,regular-file,inc/img/metro/mg2/MG2_07.jpg,197726,
db60ff2071a2e5025d000ea15e680f706097d841,DELETE,regular-file,inc/img/metro/mg2/MG2_09.jpg,208863,
c103848894cae2c61833532cee5e229d53f6c365,DELETE,regular-file,inc/img/metro/mg2/MG2_14.jpg,173600,
2a5b795209029e5377733f7a461e894ed11519f1,DELETE,regular-file,inc/img/metro/mg2/MG2_16.jpg,220431,
541383ecff2d08bba9d6c3a8e32a735c66bff29a,DELETE,regular-file,inc/img/metro/mg2/MG2_17.jpg,214596,
e222009925fc0e13538af705d41b3b2c283b2bb9,DELETE,regular-file,inc/img/metro/mg2/MG2_20.jpg,331309,
25ec0785b91b658086ea52842443bf734767a4d1,DELETE,regular-file,inc/img/metro/mg2/MG2_21.jpg,170375,
27456e33a57750d366b600e3e623595a3bf2adce,DELETE,regular-file,inc/img/metro/mg2/MG2_22.jpg,219860,
03535ffddfc10f6206b3f604d505e63e0b2e3178,DELETE,regular-file,inc/img/metro/mg2/MG2_24.jpg,179915,
d6d7cd84cf137b7d3924dc1f9814aef5a1172f68,DELETE,regular-file,inc/img/metro/mg2/MG2_26.jpg,218016,
44ecd10b24eb49e64dc71013ba1a7485ef9fe5f6,DELETE,regular-file,inc/img/metro/mg2/MG2_27.jpg,273622,
bce69c85421288205dc595f27fc30ed29cf332ad,DELETE,regular-file,inc/img/metro/mg2/MG2_28.jpg,176469,
3406f4cdd685e87adf481b00fd0c1a96cc323525,DELETE,regular-file,inc/img/metro/mg2/MG2_29.jpg,194513,
8c29e229a8238e9ce5441916b2bc164eb7df529d,DELETE,regular-file,inc/img/metro/mg2/MG2_30.jpg,246976,
aee8f381084b8fd1020c628c01a6f9978c85ec9c,DELETE,regular-file,inc/img/metro/mg2/MG2_31.jpg,271471,
518c4e1096b24474f7be6fcf1c72190d93f3284d,DELETE,regular-file,inc/img/metro/mg2/MG2_33.jpg,166088,
9ea42bb558b0effa440bd99fee835e6d8be90ff8,DELETE,regular-file,inc/img/metro/mg2/MG2_34.jpg,188032,
69e5965b938e016b6ae9669d7ddb5fccced17e4c,DELETE,regular-file,inc/img/metro/mg2/MG2_35.jpg,282647,
f1f4b311be55a6328cf5bf1ee742da490333f97c,DELETE,regular-file,inc/img/metro/mg2/MG2_36.jpg,218731,
7f080ce9887508361c30389c3469f45d89ba3e5a,DELETE,regular-file,inc/img/metro/mg2/MG2_37.jpg,202794,
990f69550aaf81a1e3bca10019b1f2e81d2df0e6,DELETE,regular-file,inc/img/metro/mg2/MG2_38.jpg,208015,
140e5a1fb91e35a4367d2aecc382d294abee65db,DELETE,regular-file,inc/img/metro/mg2/MG2_39.jpg,239520,
67f624df1fc789c90b9ec87a688e8067d93e66ce,DELETE,regular-file,inc/img/metro/mg2/MG2_40.jpg,282099,
8a9238d516008ff39c2edfdcbb3b7b7a42a0b682,DELETE,regular-file,inc/img/metro/mg2/MG2_41.jpg,293528,
0d00762b6c1cc3010021e2cde84f3f51d0d89b78,DELETE,regular-file,inc/img/metro/mg2/MG2_43.jpg,226745,
b01057f1c3957202ec2ab6e47f2d61201e9bc6b6,DELETE,regular-file,inc/img/metro/mg2/MG2_45.jpg,284727,
23a03b4b9c8dabe359d578f4cf9cbe82d7f98977,DELETE,regular-file,inc/img/metro/mg2/MG2_46.jpg,207054,
aa941f4f3fcb4c0eec6117f57ae75681aad34dd1,DELETE,regular-file,inc/img/metro/mg2/MG2_51.jpg,173932,
9481d28989254d9265fbe953283c0d12ad64f9c0,DELETE,regular-file,inc/img/metro/mg2/MG2_52.jpg,269022,
9f1fb4a741d5744914b5b02803ad74f8ca3084b0,DELETE,regular-file,inc/img/metro/sg2/SG2_01a.jpg,250115,
9fcd569458c64240c1b26bd8e5d1811503e84d1d,DELETE,regular-file,inc/img/metro/sg2/SG2_02.jpg,161760,
45b493750a8a254b0d72e9074a4998c00a41058c,DELETE,regular-file,inc/img/metro/sg2/SG2_03.jpg,161200,
5a604cb95202740c8aab3a1ad6de4c11264d645c,DELETE,regular-file,inc/img/metro/sg2/SG2_04a.jpg,184182,
329bd74f54177e14303c6b5176f766d6f9b3974f,DELETE,regular-file,inc/img/metro/sg2/SG2_04b.jpg,163646,
0449a07175e6dc34d8b5fba87ca9dfd30ae9c54b,DELETE,regular-file,inc/img/metro/sg2/SG2_05.jpg,204192,
2da1ac621f884d31885520c495faac834f7ff774,DELETE,regular-file,inc/img/metro/sg2/SG2_06.jpg,214951,
a41dc38d9d2f0a8773102b8a959ca5aa2dfecf7d,DELETE,regular-file,inc/img/metro/sg2/SG2_09a.jpg,208756,
e4260d89671030c0377ba9bf00113370ceb08bbf,DELETE,regular-file,inc/img/metro/sg2/SG2_09b.jpg,214139,
bca61b3831d6d871fe8c5f3d12661dd950ce19cb,DELETE,regular-file,inc/img/metro/sg2/SG2_10a.jpg,173774,
14f4228fff1fb861e2c0a41215c7143f96b6062f,DELETE,regular-file,inc/img/metro/sg2/SG2_10b.jpg,179718,
6c7c0495c302ec530db66320dfea5ea6b6a1cb13,DELETE,regular-file,inc/img/metro/sg2/SG2_11.jpg,240709,
ec31c25b5faf3b4f230017529a543ba6058a7f01,DELETE,regular-file,inc/img/metro/sg2/SG2_12a.jpg,234574,
f36e38563a5c2f8306805cb738e6e5bf750454ad,DELETE,regular-file,inc/img/metro/sg2/SG2_12b2.jpg,298379,
0f5d7d72d80b73a04db980ec2f3d473d4c07a9c6,DELETE,regular-file,inc/img/metro/sg2/SG2_12c.jpg,316860,
3678dcf9cc4abcd06f78340f701cd29a196df003,DELETE,regular-file,inc/img/metro/sg2/SG2_12d.jpg,282125,
53a524378e3920db8cc22539becd77877b936fc9,DELETE,regular-file,inc/img/metro/sg2/SG2_13.jpg,244532,
d0283e890d2a0bc0e5e178b7a35aedefec94f1ce,DELETE,regular-file,inc/img/metro/sg2/SG2_14a.jpg,189971,
a096e44a9b77c061a9fe2d1f64f7cc2481e46470,DELETE,regular-file,inc/img/metro/sg2/SG2_14b.jpg,259608,
a1f98952bfcd692d5322b8f212ade7bd7e28c5ab,DELETE,regular-file,inc/img/metro/sg2/SG2_15.jpg,239482,
b9e4f96b604e44ea45f2f83fe34179ad691cb652,DELETE,regular-file,inc/img/metro/sg2/SG2_16.jpg,286746,
29e333256251a6242ab734eaa0e250ea679b4ec0,DELETE,regular-file,inc/img/metro/sg2/SG2_17.jpg,171377,
c549ba7609b95f2264f73c84739fc0a7ce278155,DELETE,regular-file,inc/img/metro/sg2/SG2_18.jpg,205968,
8571a2aefc9efe9c24f01c01f1a98c15685ac52b,DELETE,regular-file,inc/img/metro/sg2/SG2_19.jpg,320464,
c29d4addf24237d89bcab5d19188c73fc5260f83,DELETE,regular-file,inc/img/metro/sg2/SG2_21.jpg,205210,
60c34cbbb23c11f45a69838b59bcff03fdd6bb3a,DELETE,regular-file,inc/img/metro/sg2/SG2_22.jpg,303256,
e93195c20a7e4a45d0f4094f586a3982606adb80,DELETE,regular-file,inc/img/metro/sg2/SG2_23.jpg,194139,
1d7469dcc2941a33d8f9aa02b81131863da6a36c,DELETE,regular-file,inc/img/metro/sg2/SG2_25b.jpg,260885,
e64579f311c7e271be97703e58be5a905656a9ce,DELETE,regular-file,inc/img/metro/sg2/SG2_26a.jpg,165159,
37826abea7b094f5f19acd354001a59d2302c16d,DELETE,regular-file,inc/img/metro/sg2/SG2_26b.jpg,321159,
2184972d6857a29ebf862ebf16754a969e10391a,DELETE,regular-file,inc/img/metro/sg2/SG2_27.jpg,301440,
600503119fad95df8e6aa2c7a72498f2793adeff,DELETE,regular-file,inc/img/metro/sg2/SG2_28.jpg,188723,
563a8fc6123dd856a4d05e759ae8e7e81ae200ad,DELETE,regular-file,inc/img/metro/sg2/SG2_31.jpg,267362,
67bc18886ea97c6996875e460ca84d6bbe4d3e23,DELETE,regular-file,inc/img/metro/sg2/SG2_32.jpg,250521,
02a289e1ecf7d8e5a7bd802dab51638226c66314,DELETE,regular-file,inc/img/metro/sg2/SG2_33.jpg,238440,
9f3971fade03d684bf5e53cc68e3dc320a3f3505,DELETE,regular-file,inc/img/metro/sg2/SG2_35.jpg,177016,
c89ead99c524ed671af6d3c40a677e07fc76350b,DELETE,regular-file,inc/img/metro/sg2/SG2_36.jpg,302609,
572d8eac60f1b50e25b22cf1af03547eedfe25ff,DELETE,regular-file,inc/img/metro/sg2/SG2_37.jpg,299592,
fc86909cefc4db4073a0dd1869ccfc937cd6e2b9,DELETE,regular-file,inc/img/metro/sg2/SG2_39.jpg,266939,
73e3e5835f35936365fe6a1709a984f044d522b2,DELETE,regular-file,inc/img/metro/sg2/SG2_40.jpg,275459,
a8c88ca206bc3d9a3054d74473f6c97f0fcb902e,DELETE,regular-file,inc/img/metro/sg2/SG2_41.jpg,329372,
2f7068cca10f57fb219318623cd80b5a089019ee,DELETE,regular-file,inc/img/metro/sg2/SG2_42.jpg,263800,
ec421911e03d8d9d750b83d660efe3a771179808,DELETE,regular-file,inc/img/metro/sg2/SG2_43.jpg,272066,
f75fe9784dc54ef21331b6dd7f871acf21c2c044,DELETE,regular-file,inc/img/metro/sg2/SG2_44a.jpg,221948,
218f96e3931d39732391e693f9f5c745c0b50fd9,DELETE,regular-file,inc/img/metro/sg2/SG2_44b.jpg,244676,
16595f4711c52ef30daf81f8c1c96df3d09b586a,DELETE,regular-file,inc/img/metro/sg2/SG2_45.jpg,191750,
cc44c2073d67060d08d15878b50145818559d218,DELETE,regular-file,inc/img/metro/sg2/SG2_47.jpg,315632,
103327d4a164c4e86b9adbf7b5d2e19bfe5fd5ee,DELETE,regular-file,inc/img/metro/sg2/SG2_48.jpg,166841,
c9a88c4153e74a23d167bae4248f4bf3e8512ca3,DELETE,regular-file,inc/img/metro/sg2/SG2_49.jpg,206605,
a0bcab6c12842b216b19e59880e6323968b59d0d,DELETE,regular-file,inc/img/metro/sg2/SG2_50.jpg,194436,
c40ece3b533bcddb726de47a494ac1f57bec0a0c,DELETE,regular-file,inc/img/metro/sg2/SG2_51.jpg,219023,
247d11476d0c6eb0adf0c22a3d945837124f81d0,DELETE,regular-file,inc/img/metro/sg2/SG2_52.jpg,286946,
877bb0f687ae8be37fdf317092da479b144264c2,DELETE,regular-file,inc/img/metro/sg2/SG2_53.jpg,266106,
46bccc947b0dae99c64b08d59d9290b826b4d127,DELETE,regular-file,inc/img/metro/sg2/SG2_57.jpg,169645,
828384086669ea6434a18eb1f6b2524bb00d7e7a,DELETE,regular-file,inc/img/metro/sg2/SG2_58.jpg,157860,
2c6ef0a19097bf0c9dc830872ced0b26dbaac299,DELETE,regular-file,inc/img/metro/sg2/SG2_60a.jpg,299956,
6666d63708d96fc1818dfcd10fac0e53abb6ca44,DELETE,regular-file,inc/img/metro/sg2/SG2_60b.jpg,226480,
407d23c6f447119e5ba5a0a433bd910050ab4c65,DELETE,regular-file,inc/img/metro/sg2/SG2_61.jpg,209146,
b3bc60a862a4be8acd799e89c6496d7b57799c9f,DELETE,regular-file,inc/img/metro/sg2/originele_sg2_blaak.jpg,228882,
db35a3c4bd7223468a9f7f938927394137f50b00,DELETE,regular-file,inc/img/nitrokey-dfu-1.png,299913,
2e125787ef92784cd10b30f9e9c43532e0c551fc,DELETE,regular-file,inc/img/nitrokey-dfu-2.png,399443,
5ee7dd8af4e86a26b43c40cb00b8b3790baaf914,DELETE,regular-file,inc/img/nitrokey2.jpg,173830,
ffbc52483bc7b4cb5ea735aeb5711c728d772d01,DELETE,regular-file,inc/img/office/install-o-onenote-1.png,177243,
5c45e0b22551ffd1afa408f986929ff639d3d725,DELETE,regular-file,inc/img/omnikey.png,436077,
c15a0048276727e0eed04cb8fbf1ec82a2e7dbd0,DELETE,regular-file,inc/img/openstack-images.png,5803292,
ea805f2e9f4221efd4e3ff72283ac6da4b17ae2f,DELETE,regular-file,inc/img/pdp-8-i.jpg,273269,
a171cad4ac0e157b0539edc4f80a68d44b419c68,DELETE,regular-file,inc/img/pidp-8-i.jpg,601095,
5ea684fedd6092da520b4583c21f2c0809f2d704,DELETE,regular-file,inc/img/pidp8/palbart/palbart.c,170032,
4a78c34f80f001e553c41ac86919a336f078a9eb,DELETE,regular-file,inc/img/pidp8/sim1.png,696239,
b8db0fe900a8eb085fbc3a4de478e6540584a470,DELETE,regular-file,inc/img/pidp8/sim13.jpg,176205,
ba62004e953ae1f4fe3e4cad1025d72d35eec900,DELETE,regular-file,inc/img/raymiiorg/2010-links.png,514249,
0408982f3fab6aa57dc5c3d2021ad053d3d0de9f,DELETE,regular-file,inc/img/raymiiorg/2010-news.png,259379,
1c912cb7aa7ad15598ae3bac080587d273842260,DELETE,regular-file,inc/img/raymiiorg/2010-tutorial.png,171899,
d4c6571ead271335f0c9aa73114ef75e733406f9,DELETE,regular-file,inc/img/raymiiorg/2012-1.png,155328,
d4c6571ead271335f0c9aa73114ef75e733406f9,DELETE,regular-file,inc/img/raymiiorg/2012-frontpage.png,155328,
a2560bfa8ffff7d34cc474b5368c9d5bc64a08cf,DELETE,regular-file,inc/img/raymiiorg/2012-page.png,543730,
788015d53eaf2b771fbb564a3a50916362414028,DELETE,regular-file,inc/img/raymiiorg/2012-text-only.png,325132,
e177e3207c375c74e06b8c9543b35ab9b1d323a2,DELETE,regular-file,inc/img/raymiiorg/2014-dark-article.png,212276,
16a71a2dcb7fc557e54f3358e9a8ae0978dd44a5,DELETE,regular-file,inc/img/raymiiorg/2014-dark-frontpage.png,380435,
103edf334b1bbdcb2d8adca8d0f42a2b75443ca6,DELETE,regular-file,inc/img/raymiiorg/2014-light-article.png,249153,
a6463f0950071fe3e095e2c55d7ad01053ba4078,DELETE,regular-file,inc/img/raymiiorg/2014-light-frontpage.png,394038,
7622d4c8b431f9f5d278ef3d68735b2d2d9c4a51,DELETE,regular-file,inc/img/shtf.png,182447,
c6d446f7ae85a27109ea4548e699d478fa37f862,DELETE,regular-file,inc/img/skyline-graph.png,164415,
df51e219342b7f14999bd1c961554efad4bc5c5d,DELETE,regular-file,inc/img/small-pcs/apc.jpg,278102,
b8f62b35e5ce0e8af8ae8585ea86b8c4dde6569a,DELETE,regular-file,inc/img/small-pcs/gooseberry.jpg,408955,
ae3acf904f0ddda5fcab2ab8f9b335fefdb63f5f,DELETE,regular-file,inc/img/small-pcs/odroid.jpeg,234482,
e0be96bc46eecdf7d4bd50daaaeb413674ebf463,DELETE,regular-file,inc/img/small-pcs/rascal-micro.jpg,327836,
2fa5d9db9124d7948eb54c1b06919425517154da,DELETE,regular-file,inc/img/smalldistros/smalldistro10.png,824960,
7d9e25a60f8743551a3b8cd787121db81caa7d6c,DELETE,regular-file,inc/img/smalldistros/smalldistro11.png,391458,
ad60b02127890035c746632e1ef70553d858b3d3,DELETE,regular-file,inc/img/smalldistros/smalldistro12.png,330740,
cec3e1cbbdb897ddac3efbf227c8a1ee16c1cbd8,DELETE,regular-file,inc/img/smalldistros/smalldistro2.png,234966,
3b0184d80c950470c57297213ca874bbf427edb3,DELETE,regular-file,inc/img/smalldistros/smalldistro3.png,595167,
6f27c1b4a896dcc22bc0dc1dcb24bff0252acc67,DELETE,regular-file,inc/img/smalldistros/smalldistro7.png,375550,
1b08d035cbd86a803d8009034fa1adf4bb23967b,DELETE,regular-file,inc/img/smalldistros/smalldistro9.png,179616,
d64ac21b61e0fb6beacc7c0a4bed5c0b4cf7ee08,DELETE,regular-file,inc/img/terriblelinux/screen-1.png,249676,
046cb91564fbda86de49b16226a5d050c7b2d856,DELETE,regular-file,inc/img/xen-images.png,3619766,
9f1fb4a741d5744914b5b02803ad74f8ca3084b0,DELETE,regular-file,inc/js/SG2_01a.jpg,250115,
60c34cbbb23c11f45a69838b59bcff03fdd6bb3a,DELETE,regular-file,inc/js/SG2_22.jpg,303256,
1d7469dcc2941a33d8f9aa02b81131863da6a36c,DELETE,regular-file,inc/js/SG2_25b.jpg,260885,
407d23c6f447119e5ba5a0a433bd910050ab4c65,DELETE,regular-file,inc/js/SG2_61.jpg,209146,
48580902e462d1ef320276ca22d9eb0c9aa8b827,DELETE,regular-file,inc/rpi/rpi.png,258785,
04a4779398a968ef045b02caa11ab63c74cc69a8,DELETE,regular-file,inc/software/infuus/javascript/prototype.js,163312,
04a4779398a968ef045b02caa11ab63c74cc69a8,DELETE,regular-file,inc/software/magicprog/javascript/prototype.js,163312,
04a4779398a968ef045b02caa11ab63c74cc69a8,DELETE,regular-file,inc/software/o2/javascript/prototype.js,163312,
bae739378aa741642973fe50f25599e006c1dbbc,DELETE,regular-file,inc/software/olimex/linux-firmware.zip,1741175,
aedd53bee6f8dd610a3c74a1f12c4bcfc3032ceb,DELETE,regular-file,inc/software/openswan-2.6.32-16.el6.i686.rpm,903800,
7808bfd32ffa832de7f079081e9be7aa4c98120a,DELETE,regular-file,inc/software/openswan-2.6.32-16.el6.x86_64.rpm,913660,
a8e7d464fbb7e5159442b2644a4f60f6352bf238,DELETE,regular-file,inc/software/packages/gource-0.38-2.x86_64.rpm,799361,
ea80fcf775a070e8d7c2b9375316f27cdac45bf6,DELETE,regular-file,inc/software/packages/gource_0.38-1_amd64.deb,793898,
d9901f182cbd7090efe679847851027e1e05882c,DELETE,regular-file,inc/software/packages/logstalgia-1.0.3-2.x86_64.rpm,753400,
e5aa2be4d510c14c1e67f2c07dbcf812a95a0798,DELETE,regular-file,inc/software/packages/logstalgia_1.0.3-1_amd64.deb,747480,
d50bd5068673019305de29af35cc68340f39337f,DELETE,regular-file,inc/software/php-task-list-0.0.2.zip,264813,
7c3e67f611c7177875a9cc7971dbdd1a9409026e,DELETE,regular-file,inc/software/raymon-0.0.2.zip,270606,
a386c8f75ca5f235ddb60ac7c63240086eeec8db,DELETE,executable,inc/software/ziskikker.exe,520813,
4776b46479b79fc7985cffb6d05b9142d2e800cd,DELETE,regular-file,inc/spn/inc/img/hostedpiwik-2013-04.png,178987,
97017f77bee121dd7c8d4c6d0fc552801401a6cb,DELETE,regular-file,inc/spn/inc/img/terriblelinux-2013-04.png,296541,